State_UT,year,Primary_Only_Electricity,Primary_with_U_Primary_Electricity,Primary_with_U_Primary_Sec_HrSec_Electricity,U_Primary_Only_Electricity,U_Primary_With_Sec_HrSec_Electricity,Primary_with_U_Primary_Sec_Electricity,U_Primary_With_Sec_Electricity,Sec_Only_Electricity,Sec_with_HrSec_Electricity,HrSec_Only_Electricity,All Schools_Electricity
All India,2013-14,46.38,69.56,94.92,45.97,93.72,83.12,86.84,75.08,82.88,91.01,56.78
Andaman & Nicobar Islands,2013-14,82.42,96.05,100,0,100,100,0,0,100,0,88.86
Andhra Pradesh,2013-14,87.66,93.57,99.32,100,67.48,96.19,96.15,97.5,100,91.27,90.34
Arunachal Pradesh,2013-14,19.72,53.59,92.19,79.07,92,81.68,81.25,0,100,100,36.35
Assam,2013-14,9.51,51.14,81.15,28.18,87.61,72.54,72.64,43.79,68.73,85.66,19.39
Bihar,2013-14,4.12,13.04,53.96,16.19,72.5,23.08,29.64,30.6,39.32,60.83,9.96
Chandigarh,2013-14,100,100,100,0,100,100,0,0,0,0,100
Chhattisgarh,2013-14,49.75,84.67,98.22,62.85,86.5,93.68,65.82,47.25,84.33,43.48,57.28
Dadra & Nagar Haveli,2013-14,93.92,100,100,100,100,100,0,100,100,100,96.79
Daman & Diu,2013-14,100,100,100,100,100,100,100,100,100,100,100
Delhi,2013-14,100,100,100,100,100,100,100,0,100,100,100
Goa,2013-14,98.83,100,100,100,100,100,100,0,0,100,98.17
Gujarat,2013-14,99.33,99.86,100,99.85,100,100,100,99.44,99.97,99.7,99.72
Haryana,2013-14,98.87,99.58,100,96,99.78,99.68,99.74,0,82.05,0,98.89
Himachal Pradesh,2013-14,94.76,97.91,99.83,88.25,99.57,99.66,98.1,100,100,100,94.9
Jammu And Kashmir,2013-14,10.05,22.48,94.21,44.12,79.05,70,56.64,41.18,85.37,66.67,23.47
Jharkhand,2013-14,7.99,20.3,85.59,29.27,66.43,41.92,54.66,53.39,68.25,75.42,16.35
Karnataka,2013-14,96.37,98.37,99.03,97.11,98.51,98.49,96.73,94.25,98.1,89.53,96.78
Kerala,2013-14,93.57,98.03,99.1,98.66,99.49,98.61,99.35,0,0,94.59,96.08
Lakshadweep,2013-14,100,100,100,100,100,0,0,0,100,0,100
Madhya Pradesh,2013-14,12.89,83.37,93.73,24.51,93.5,92.41,83.05,47.06,74.99,100,28.27
Maharashtra,2013-14,89.44,96.67,98.14,88.75,98.67,99.17,95.64,91.44,95.63,96.31,92.75
Manipur,2013-14,9.53,42.06,93.1,42.86,95.45,75.44,77.48,45.45,95,100,30.97
Meghalaya,2013-14,13.83,54.14,100,35.25,97.5,91.86,84.21,59.71,93.24,86.67,24.49
Mizoram,2013-14,61.97,82.03,0,79.26,0,0,0,85.22,0,93.81,73.79
Nagaland,2013-14,18.38,54.55,98.88,39.02,85.19,93.27,72.36,50,100,95.83,39.06
Odisha,2013-14,13.09,38.44,95.87,32.13,93.48,56.93,63.76,66.34,0,0,27.88
Puducherry,2013-14,100,100,100,0,100,100,100,0,100,100,100
Punjab,2013-14,99.93,99.71,99.87,100,100,99.82,100,100,100,98.63,99.86
Rajasthan,2013-14,22.56,68.04,93.49,88.43,96.33,84.98,81.96,92,98.04,100,52.06
Sikkim,2013-14,56.69,82.39,98.65,100,85.71,89.6,50,0,0,0,69.3
Tamil Nadu,2013-14,97.21,99.13,99.73,96.88,97.03,0,0,100,100,100,97.69
Tripura,2013-14,13.03,11.17,75.47,50,82.09,73.4,80,0,0,0,24.94
Uttar Pradesh,2013-14,48.32,70.54,81.93,49.24,80.96,77.6,70.84,69.88,83.93,91.67,52.19
Uttarakhand,2013-14,68.32,88.88,98.14,79.87,96.17,96.45,84.75,61.87,83.54,100,74.21
West Bengal,2013-14,36.48,77.26,92.11,31.77,97.07,86.97,91.14,100,100,90.91,42.76
All India,2014-15,49.63,73.26,95.27,48.33,94.81,84.03,89.14,77.55,83.85,92.67,60.01
Andaman & Nicobar Islands,2014-15,80.72,96.3,100,100,100,100,0,0,100,0,88.89
Andhra Pradesh,2014-15,91.08,94.7,100,100,86.11,97.6,97.11,93.55,83.33,93.21,92.76
Arunachal Pradesh,2014-15,21.53,54.96,96.83,82.93,95.92,81.13,92.11,0,100,0,38.6
Assam,2014-15,11.5,56.42,90.91,33,89.43,76.95,75.75,47.12,59.51,85.54,22.4
Bihar,2014-15,13.76,36.32,51.49,34.96,81.82,37.29,33.07,34.88,47.95,64.86,25.22
Chandigarh,2014-15,100,100,100,0,100,100,0,0,0,0,100
Chhattisgarh,2014-15,60.51,88.83,98.92,72.18,89.93,96.02,75.38,55.21,86.54,47.62,66.88
Dadra & Nagar Haveli,2014-15,97.16,100,100,100,100,100,0,100,100,100,98.55
Daman & Diu,2014-15,100,100,100,100,100,100,0,100,100,100,100
Delhi,2014-15,100,100,100,100,100,100,100,0,100,100,100
Goa,2014-15,98.69,100,100,100,100,97.11,99.08,0,0,100,98.72
Gujarat,2014-15,99.27,99.87,100,100,99.52,100,97.33,99.64,99.97,99.73,99.72
Haryana,2014-15,98.61,99.7,100,95.7,99.79,99.79,99.37,0,75,100,98.74
Himachal Pradesh,2014-15,93.99,97.95,99.82,85.79,99.55,99.85,97.76,100,100,100,94.22
Jammu And Kashmir,2014-15,11.67,25.67,96.79,48.51,87.5,75.19,66.75,64.52,89.81,50,26.39
Jharkhand,2014-15,8.48,23.77,88.15,52.63,66.75,43.57,55.01,58.01,70.43,76.95,17.98
Karnataka,2014-15,97.05,98.7,99.22,98.59,100,99.44,97.63,96.6,99.17,92.04,97.64
Kerala,2014-15,94.85,98.85,99.5,99.54,99.61,98.61,99.74,100,99.08,98.18,97.01
Lakshadweep,2014-15,100,100,100,100,100,0,0,0,100,0,100
Madhya Pradesh,2014-15,11.84,84.03,95.38,23.42,93.89,94.12,87.76,48.02,77.61,80,28.29
Maharashtra,2014-15,90.75,97.33,99.29,85.59,99.11,99.27,96.87,94.03,97.64,97.58,93.93
Manipur,2014-15,9.73,42.42,95.74,44.26,91.3,74.96,77.63,46.34,90.48,100,30.66
Meghalaya,2014-15,14.86,60.53,100,38.78,95.83,89.47,88.36,62.34,94.19,87.63,26.72
Mizoram,2014-15,64.07,78.37,0,78.41,0,0,0,87.38,0,94.7,74.56
Nagaland,2014-15,18.07,40.54,96.94,49.35,84.09,90.85,73.36,33.33,100,100,40.94
Odisha,2014-15,13.89,41.16,98.23,33.2,98.11,61.28,67.8,66.09,0,0,29.73
Puducherry,2014-15,100,100,100,100,100,100,100,0,100,100,100
Punjab,2014-15,99.86,99.85,99.96,99.69,100,99.96,100,100,100,100,99.88
Rajasthan,2014-15,19.05,69.76,93.96,96.77,96.76,85.7,90.61,92,98.04,100,55.28
Sikkim,2014-15,59.16,81.68,97.53,100,83.33,88.15,50,0,0,0,70.72
Tamil Nadu,2014-15,97.77,99.39,100,97.39,99.96,0,0,100,100,100,98.51
Telangana,2014-15,87.24,94.47,100,100,74.37,97.72,97.28,100,100,93.6,91.05
Tripura,2014-15,13.62,13.45,99.09,100,98.53,78.89,80,0,0,0,28.58
Uttar Pradesh,2014-15,49.64,71.85,85.29,50.49,81.93,75.92,72.22,70.39,83.97,90,53.59
Uttarakhand,2014-15,71.88,89.83,98.48,81.35,96.68,98.01,85.16,54.01,77.19,100,76.95
West Bengal,2014-15,52.52,79.66,91.75,45.63,98.16,90.91,93.59,0,100,91.67,56.96
All India,2015-16,52.4,76.44,94.81,49.86,94.48,88.1,90.82,81.5,86.85,92.86,62.81
Andaman & Nicobar Islands,2015-16,82.11,97.62,100,0,100,100,0,0,100,0,90.1
Andhra Pradesh,2015-16,91.65,95.62,100,100,90.23,97.09,97.58,91.3,100,95.8,93.5
Arunachal Pradesh,2015-16,22.64,53.87,95.52,84,94.34,82.59,87.18,0,100,100,39.54
Assam,2015-16,12.76,58.5,92.34,34.77,93.6,79.84,83.41,64.22,67.08,87.09,25.55
Bihar,2015-16,22.28,53.42,62.69,47.6,84.78,56.86,41.46,41.06,64.66,68.58,37.78
Chandigarh,2015-16,100,100,100,0,100,100,0,0,0,0,100
Chhattisgarh,2015-16,66.51,90.56,99.35,76.94,89.82,95.74,81.69,65.58,93.13,80,72.66
Dadra & Nagar Haveli,2015-16,100,100,100,100,100,100,0,100,100,100,100
Daman & Diu,2015-16,100,100,100,100,100,100,0,100,100,100,100
Delhi,2015-16,100,100,100,100,100,100,100,0,100,100,100
Goa,2015-16,99.79,100,100,100,100,100,100,100,0,100,99.87
Gujarat,2015-16,99.23,99.86,100,100,100,100,100,99.74,100,100,99.73
Haryana,2015-16,98.7,99.96,100,96.53,99.79,100,99.58,0,91.3,100,98.97
Himachal Pradesh,2015-16,96.13,99,99.82,89.68,99.82,99.85,99.1,100,100,100,96.24
Jammu And Kashmir,2015-16,16.01,30.77,97.33,51.13,94.74,80.06,72.22,58.82,92.47,50,30.97
Jharkhand,2015-16,9.3,26.06,88.27,46.62,68.06,45.73,58.49,58.91,72.58,79.31,19.45
Karnataka,2015-16,96.81,98.81,100,98.07,100,100,99.87,99.99,100,93.06,98.12
Kerala,2015-16,95.57,98.96,99.51,99.69,99.9,98.75,99.73,100,100,98.46,97.46
Lakshadweep,2015-16,100,100,100,100,100,100,0,0,100,0,100
Madhya Pradesh,2015-16,11.31,85.17,96.15,24.1,95.08,94.98,88.89,52.09,79.93,77.78,28.8
Maharashtra,2015-16,90.62,97.29,98.31,89.47,99.31,98.84,97.12,94.58,97.5,96.66,93.94
Manipur,2015-16,14.64,61.95,100,46.03,95.45,85.98,86.93,40,95.24,95.52,39.27
Meghalaya,2015-16,15.61,56.28,100,41.15,93.55,90.65,89.4,66.3,95.31,91.48,28.54
Mizoram,2015-16,65.66,80.72,0,81.73,0,0,0,89.92,0,94.93,76.86
Nagaland,2015-16,22.85,62.72,99.05,74.36,89.13,90.5,75.42,100,100,100,51.7
Odisha,2015-16,15.49,44.79,92.36,35.17,95,65.59,70.59,70.16,0,86.03,33.03
Puducherry,2015-16,100,100,100,100,100,100,100,0,100,100,100
Punjab,2015-16,99.94,99.77,99.96,100,100,99.96,100,100,100,100,99.94
Rajasthan,2015-16,19.84,72.31,92.72,89.47,97.02,88.24,94.97,91.67,97.94,0,56.68
Sikkim,2015-16,73.8,94.2,100,100,100,100,100,0,0,0,83.97
Tamil Nadu,2015-16,98.59,99.66,99.77,96.77,100,99.78,100,100,100,100,99.05
Telangana,2015-16,87.27,94.67,99.35,0,82.38,97.19,97.92,0,100,94.15,91.58
Tripura,2015-16,14.72,15.46,98.54,100,98.53,76.56,90,0,0,0,29.77
Uttar Pradesh,2015-16,50.11,73.41,85.78,51.05,82.14,77.89,74.38,70.21,83.82,50,54.26
Uttarakhand,2015-16,73.55,91.79,99.18,82.11,96.56,98.78,86.26,64.26,82.76,100,78.64
West Bengal,2015-16,73.64,83.39,96.84,55.24,98.58,90.63,95.4,0,100,91.67,74.88
