State_UT,year,Primary_Only_Toilet_Boys,Primary_with_U_Primary_Toilet_Boys,Primary_with_U_Primary_Sec_HrSec_Toilet_Boys,U_Primary_Only_Toilet_Boys,U_Primary_With_Sec_HrSec_Toilet_Boys,Primary_with_U_Primary_Sec_Toilet_Boys,U_Primary_With_Sec_Toilet_Boys,Sec_Only_Toilet_Boys,Sec_with_HrSec_Toilet_Boys,HrSec_Only_Toilet_Boys,All Schools_Toilet_Boys
All India,2013-14,84.01,91.44,97.91,88.14,96.05,94.51,80.89,97.97,94.68,74.36,86.56
Andaman & Nicobar Islands,2013-14,91.58,97.37,100,0,100,100,0,0,100,0,94.52
Andhra Pradesh,2013-14,53.03,62.58,82.05,45.45,64.11,76.24,60.63,59.26,85.71,73.44,56.88
Arunachal Pradesh,2013-14,38.24,61.17,89.06,0,70,82.32,95.45,0,0,0,48.73
Assam,2013-14,60.81,69.66,87.5,51.47,72.69,82.42,67.94,0,0,0,60.17
Bihar,2013-14,63.04,86.57,85.68,85.61,87.88,86.09,71,0,0,0,73.42
Chandigarh,2013-14,100,100,100,0,100,100,0,0,0,0,100
Chhattisgarh,2013-14,80.95,89.68,97.8,84.17,95.93,97.07,88.79,96.67,94.76,100,82.85
Dadra & Nagar Haveli,2013-14,79.56,93.39,100,0,100,90,0,0,0,0,85.53
Daman & Diu,2013-14,100,100,100,100,100,100,100,0,0,100,100
Delhi,2013-14,100,100,100,100,100,100,100,0,0,0,100
Goa,2013-14,82.78,96.55,100,88.89,100,96.6,96.82,0,0,0,87.07
Gujarat,2013-14,95.57,98.5,100,99.32,100,99.59,98.65,0,0,0,97.77
Haryana,2013-14,95.73,99.79,99.81,90.71,97.41,99.89,96.14,0,0,0,96.53
Himachal Pradesh,2013-14,93.43,98.47,99.83,92.27,98.22,99.83,97.93,0,0,0,94.48
Jammu And Kashmir,2013-14,60.05,76.65,93.69,77.5,86,87.51,93.89,0,0,0,69.56
Jharkhand,2013-14,83.93,88.1,96.82,89.74,81.03,90.97,81.15,0,0,0,85.67
Karnataka,2013-14,99.63,99.84,99.27,100,100,99.42,99.32,99.46,94.44,86.08,99.65
Kerala,2013-14,95.08,98.11,99.55,98.5,98.96,99.3,98.71,0,0,0,96.85
Lakshadweep,2013-14,100,100,100,100,100,0,0,0,100,0,100
Madhya Pradesh,2013-14,92.34,97.89,98.9,89.54,98.95,99.04,96.36,0,0,0,92.64
Maharashtra,2013-14,97.87,99.01,98.78,92.96,98.92,98.69,98.26,0,0,0,98.3
Manipur,2013-14,93.63,95.76,100,100,100,99.56,100,0,0,0,95.3
Meghalaya,2013-14,53.74,61.65,95.83,49.55,95.65,88.24,79.02,0,0,0,53.71
Mizoram,2013-14,68.62,85.32,100,75.39,0,0,0,0,0,0,73.27
Nagaland,2013-14,86.38,91.71,98.85,82.77,96.3,95.62,90.45,0,0,0,87.88
Odisha,2013-14,76.79,77.05,81.36,77.2,86.67,78.08,73.58,0,0,0,76.61
Puducherry,2013-14,100,100,100,0,100,99.37,100,0,100,100,99.85
Punjab,2013-14,96.02,97.58,99.37,96.22,99.07,98.99,98.27,0,0,0,97.04
Rajasthan,2013-14,93.99,97.98,99.41,87.88,96.67,98.84,94.86,0,100,0,96.03
Sikkim,2013-14,96.72,96.42,100,100,100,98.4,100,0,0,0,97.01
Tamil Nadu,2013-14,88.14,95.42,99.67,92.42,93.75,0,0,100,100,100,90.93
Tripura,2013-14,92.31,94.81,73.19,50,77.97,89.32,83.33,0,0,0,91.15
Uttar Pradesh,2013-14,97.18,98.66,95.4,97.31,97.66,97.79,98.47,95.45,94.52,0,97.25
Uttarakhand,2013-14,94.2,95.51,98.3,94.27,98.2,97.79,96.8,0,0,0,94.71
West Bengal,2013-14,80.34,74.9,78.99,78.71,97.04,88.1,94.33,0,0,0,81.42
All India,2014-15,85.66,93.93,98.59,88.12,98.63,96.35,87.28,89.1,93.09,88.97,88.62
Andaman & Nicobar Islands,2014-15,100,100,100,100,100,100,0,0,100,0,100
Andhra Pradesh,2014-15,57.91,76.51,96,75,93.33,91.43,77.99,80.65,60,86.54,65.34
Arunachal Pradesh,2014-15,94.13,98.59,100,100,100,99.52,96.43,0,100,0,95.97
Assam,2014-15,55.26,69.61,91.34,44.66,75.97,85.63,67.36,48.36,55.96,68.69,54.8
Bihar,2014-15,61.95,87.87,89.91,85.77,94.37,90,73.76,76.91,77.63,86.59,73.92
Chandigarh,2014-15,100,100,100,0,100,100,0,0,0,0,100
Chhattisgarh,2014-15,72.4,93.95,99.31,77.3,95.26,99.43,89.22,63.14,84.24,52.63,76.06
Dadra & Nagar Haveli,2014-15,92.05,98.43,100,0,100,100,0,100,100,100,95.34
Daman & Diu,2014-15,100,100,100,100,100,100,0,100,100,100,100
Delhi,2014-15,100,100,100,100,100,100,100,0,100,100,100
Goa,2014-15,86.83,90.91,100,100,100,98.77,99.07,0,0,98.75,90.85
Gujarat,2014-15,97.09,98.96,100,99.85,100,99.85,93.86,98.71,99.86,99.29,98.63
Haryana,2014-15,94.26,99.85,99.86,89.15,97.23,99.74,95.66,0,75,100,95.67
Himachal Pradesh,2014-15,95.01,98.97,99.82,92.12,98.69,99.85,98.33,100,100,100,95.63
Jammu And Kashmir,2014-15,60.16,79.66,96.53,81.08,94.57,91.1,93.53,96.3,94.47,100,71.54
Jharkhand,2014-15,83.76,89.63,95.8,92.5,79.01,92.37,84.71,82.95,87.36,87.32,86.15
Karnataka,2014-15,99.64,99.86,99.78,100,100,100,99.83,99.88,99.89,90.05,99.48
Kerala,2014-15,95.03,98.5,99.64,98.02,99.78,99.07,99.69,99.38,99.29,100,97
Lakshadweep,2014-15,100,100,100,100,100,0,0,0,100,0,100
Madhya Pradesh,2014-15,88.41,98.92,99.86,87.38,100,99.76,100,78.4,90.98,88.89,89.68
Maharashtra,2014-15,98.83,99.63,100,95,99.54,99.31,99.38,99.04,99.6,98.98,99.15
Manipur,2014-15,91.68,99.77,100,100,100,99.86,100,100,100,100,94.93
Meghalaya,2014-15,63.75,71.71,100,63.53,97.78,90.53,85.42,62.83,89.47,73.33,64.48
Mizoram,2014-15,97.29,88.3,0,99.19,0,0,0,99.34,0,100,97.34
Nagaland,2014-15,92.72,97.74,98.96,83.12,100,97.79,97.66,91.67,100,100,94.66
Odisha,2014-15,81.58,84.97,92.59,80.5,92.16,86.84,80.33,69.59,0,0,82.45
Puducherry,2014-15,99.64,100,100,100,100,100,100,0,100,100,99.86
Punjab,2014-15,96.3,98.37,99.47,96.99,98.57,99.48,97.97,100,78.26,94.67,97.35
Rajasthan,2014-15,94.68,98.71,98,92.68,97.03,97.98,97.41,100,95.23,100,96.91
Sikkim,2014-15,97.9,98.5,98.72,100,100,98.52,100,0,0,0,98.19
Tamil Nadu,2014-15,98.99,99.63,99.95,98.11,99.9,0,0,100,100,100,99.29
Telangana,2014-15,68.44,78.19,96.97,87.5,92.86,85.65,79.74,82.35,100,81.66,73.39
Tripura,2014-15,99.14,99.92,98.76,100,100,100,100,0,0,0,99.44
Uttar Pradesh,2014-15,98.36,99.5,99.6,98.39,99.45,99.43,99.53,98.49,99.53,100,98.5
Uttarakhand,2014-15,96.31,97.39,98.64,96.58,98.81,98.63,97.72,75.45,93.2,100,96.46
West Bengal,2014-15,89.45,80.43,80.73,87.89,99.37,94.04,97.97,0,100,100,89.93
All India,2015-16,96.45,98.4,99.38,96,99.51,98.84,98.04,94.56,97.97,95.67,97.02
Andaman & Nicobar Islands,2015-16,100,100,100,0,100,100,0,0,100,0,100
Andhra Pradesh,2015-16,99.58,99.88,98.96,100,100,99.53,99.91,100,100,100,99.69
Arunachal Pradesh,2015-16,93.55,98.83,98.51,100,96.23,99.55,92.86,0,100,100,95.65
Assam,2015-16,85.83,84.14,90.95,71.07,89.74,88.28,82.8,72.82,73.55,80.21,82.8
Bihar,2015-16,83.78,95.14,94.4,95.44,98.65,97,87.56,90.99,94.29,87.46,89.16
Chandigarh,2015-16,100,100,100,0,100,100,0,0,0,0,100
Chhattisgarh,2015-16,98.49,97.29,100,99.31,100,99.81,100,84.31,97.67,100,98.5
Dadra & Nagar Haveli,2015-16,100,100,100,0,100,100,0,100,100,100,100
Daman & Diu,2015-16,100,100,100,100,100,100,0,100,100,100,100
Delhi,2015-16,100,100,100,100,100,100,100,0,100,100,100
Goa,2015-16,100,100,100,100,100,100,100,100,0,100,100
Gujarat,2015-16,99.86,99.88,100,100,100,100,100,99.59,100,99.72,99.87
Haryana,2015-16,99.15,100,99.91,99.54,99.88,99.9,99.68,0,84.78,100,99.49
Himachal Pradesh,2015-16,99.68,99.75,100,99.25,100,100,100,100,100,100,99.7
Jammu And Kashmir,2015-16,87.9,95.91,98.74,97.14,97.85,97.54,98.41,100,99.26,100,92.14
Jharkhand,2015-16,96.07,97.3,98.37,94.94,88.71,98.2,92.34,94.73,96.13,94.93,96.49
Karnataka,2015-16,98.92,99.82,100,100,100,100,100,99.87,99.88,93.65,99.3
Kerala,2015-16,96.88,99.14,99.86,98.77,100,99.5,100,99.34,99.54,100,98.16
Lakshadweep,2015-16,100,100,100,100,100,100,0,0,100,0,100
Madhya Pradesh,2015-16,95.72,99.42,99.95,95.39,100,99.78,100,91.93,96.94,100,96.2
Maharashtra,2015-16,98.8,99.6,100,98.78,99.73,99.43,99.66,99.58,99.61,99.61,99.21
Manipur,2015-16,98.37,99.19,100,90.38,100,99.86,97.89,94.59,100,100,98.67
Meghalaya,2015-16,86.48,73.22,96.15,91.42,100,92.52,88.89,69.23,93.33,82.82,86.4
Mizoram,2015-16,97.5,96.92,0,98.12,0,0,0,99.02,0,100,97.96
Nagaland,2015-16,98.66,98.35,99.03,97.44,100,98.68,100,100,100,100,98.69
Odisha,2015-16,93.66,95.84,94.74,89.17,98.21,97.03,90.85,91.3,0,88.4,93.75
Puducherry,2015-16,100,100,100,100,100,100,100,0,100,100,100
Punjab,2015-16,99.62,99.22,99.65,99.54,99.68,99.78,99.78,100,96.67,98.08,99.6
Rajasthan,2015-16,98.97,99.29,99.46,98.11,99.5,99.32,99.35,100,97.86,0,99.19
Sikkim,2015-16,99.86,99.71,100,100,100,100,100,0,0,0,99.84
Tamil Nadu,2015-16,99.6,99.93,100,100,99.97,100,99.97,100,100,100,99.73
Telangana,2015-16,100,100,100,0,100,100,100,0,100,100,100
Tripura,2015-16,99.57,99.92,99.11,100,100,100,100,0,0,0,99.69
Uttar Pradesh,2015-16,99.74,99.92,99.52,99.74,99.78,99.89,99.89,98.82,99.81,92.31,99.74
Uttarakhand,2015-16,97.18,98.29,99.57,97.09,99.11,99.38,98.2,93.15,98.13,100,97.43
West Bengal,2015-16,97.53,92.44,93.38,98.86,99.83,95.43,99.64,0,100,100,97.7
